Days,Daily Returns
253,0.005181688647564748
254,0.015973342735080012
255,0.00645756936057656
256,-0.033117171385634636
257,0.004609916222262128
