Days,Value
253,244.9806767199489
254,245.08250813266997
255,244.47590358709803
256,247.21495274467728
257,246.32798015018778
